{"textures":{"0":"modelengine:entity/gui_bar"},"elements":[{"name":"cube","from":[2.8999999,7.1,8.0],"to":[13.1,8.9,8.0],"rotation":{"angle":0.0,"axis":"x","origin":[7.7,6.5,8.0]},"faces":{"down":{"uv":[0.0,0.0,16.0,0.0],"rotation":0,"texture":"#0","tintindex":0},"east":{"uv":[0.0,0.0,0.0,4.0],"rotation":0,"texture":"#0","tintindex":0},"north":{"uv":[7.2,6.8,15.8,8.4],"rotation":0,"texture":"#0","tintindex":0},"south":{"uv":[7.2,6.8,15.8,8.4],"rotation":0,"texture":"#0","tintindex":0},"up":{"uv":[0.0,0.0,16.0,0.0],"rotation":0,"texture":"#0","tintindex":0},"west":{"uv":[0.0,0.0,0.0,4.0],"rotation":0,"texture":"#0","tintindex":0}}}],"display":{"head":{"translation":[0.0,-6.4,0.0],"rotation":[0.0,0.0,0.0],"scale":[3.8095,3.8095,3.8095]}}}