{
"__comment": "Designed by VinciHD with BDcraft Cubik PRO 0.95 Beta - http://bdcraft.net",
"ambientocclusion": false,
"textures": {
    "anvil_base": "blocks/anvil_base",
    "base": "./slime_shield"
},
"elements": [ 
{
    "from": [ 2, 2, 2 ],
    "to": [ 3, 14, 14 ],
    "faces": {
        "down":  { "uv": [ 3.25, 1, 3.5, 4 ], "texture": "#base" },
        "up":    { "uv": [ 3.25, 1, 3.5, 4 ], "texture": "#base" },
        "north": { "uv": [ 3.25, 1, 3.5, 4 ], "texture": "#base" },
        "south": { "uv": [ 3.25, 1, 3.5, 4 ], "texture": "#base" }
    }
},
{
    "from": [ 2, 14, 3 ],
    "to": [ 3, 15, 13 ],
    "faces": {
        "down":  { "uv": [ 0.5, 1, 0.75, 4 ], "texture": "#base" },
        "up":    { "uv": [ 0.5, 1, 0.75, 4 ], "texture": "#base" },
        "north": { "uv": [ 3.25, 1, 3.5, 1.25 ], "texture": "#base" },
        "south": { "uv": [ 3.25, 1, 3.5, 1.25 ], "texture": "#base" }
    }
},
{
    "from": [ 2, 1, 3 ],
    "to": [ 3, 2, 13 ],
    "faces": {
        "down":  { "uv": [ 0.5, 1, 0.75, 4 ], "texture": "#base" },
        "up":    { "uv": [ 0.5, 1, 0.75, 4 ], "texture": "#base" },
        "north": { "uv": [ 3, 4, 3.25, 4.25 ], "texture": "#base" },
        "south": { "uv": [ 3, 4, 3.25, 4.25 ], "texture": "#base" }
    }
},
{
    "from": [ -1, 10, 8 ],
    "to": [ 2, 11, 9 ],
    "faces": {
        "down":  { "uv": [ 16, 9, 14, 8 ], "texture": "#anvil_base" },
        "up":    { "uv": [ 0, 8, 2, 9 ], "texture": "#anvil_base" },
        "north": { "uv": [ 14, 5, 16, 6 ], "texture": "#anvil_base" },
        "south": { "uv": [ 0, 5, 2, 6 ], "texture": "#anvil_base" }
    }
},
{
    "from": [ -1, 5, 8 ],
    "to": [ 2, 6, 9 ],
    "faces": {
        "down":  { "uv": [ 16, 9, 14, 8 ], "texture": "#anvil_base" },
        "up":    { "uv": [ 0, 8, 2, 9 ], "texture": "#anvil_base" },
        "north": { "uv": [ 14, 10, 16, 11 ], "texture": "#anvil_base" },
        "south": { "uv": [ 0, 10, 2, 11 ], "texture": "#anvil_base" }
    }
},
{
    "from": [ -1, 6, 8 ],
    "to": [ 0, 10, 9 ],
    "faces": {
        "down":  { "uv": [ 16, 9, 16, 8 ], "texture": "#anvil_base" },
        "up":    { "uv": [ 0, 8, 0, 9 ], "texture": "#anvil_base" },
        "north": { "uv": [ 16, 6, 16, 10 ], "texture": "#anvil_base" },
        "south": { "uv": [ 0, 6, 0, 10 ], "texture": "#anvil_base" }
    }
},
{
    "from": [ 3, 0, 0 ],
    "to": [ 3.0625, 16, 16 ],
    "faces": {
        "west":  { "uv": [ 0, 0.5, 4, 4.5 ], "texture": "#base" },
        "east":  { "uv": [ 0, 0.5, 4, 4.5 ], "texture": "#base" }
    }
},
{
    "from": [ 2, 0, 0 ],
    "to": [ 2.0625, 16, 16 ],
    "faces": {
        "west":  { "uv": [ 0, 0.5, 4, 4.5 ], "texture": "#base" },
        "east":  { "uv": [ 0, 0.5, 4, 4.5 ], "texture": "#base" }
    }
}
],
"display": {
    "thirdperson_righthand": {
        "rotation": [ 0, 0, 0 ],
        "translation": [ 8, -2, 1 ],
        "scale": [ 1, 1, 1 ]
    },
    "thirdperson_lefthand": {
        "rotation": [ 0, -180, 0 ],
        "translation": [ 8, -2, 2 ],
        "scale": [ 1, 1, 1 ]
    },
    "ground": {
        "rotation": [ 1, -62, 78 ],
        "translation": [ 7.56, 0, 0 ],
        "scale": [ 0.7, 0.7, 0.7 ]
    },
    "fixed": {
        "rotation": [ 0, 90, 0 ],
        "translation": [ 0, 0, -6 ],
        "scale": [ 1, 1, 1 ]
    },
    "firstperson_righthand": {
        "rotation": [ 0, 90, 0 ],
        "translation": [ -0.19, -1.51, -2.27 ],
        "scale": [ 1, 1, 1 ]
    },
    "firstperson_lefthand": {
        "rotation": [ 0, 90, 0 ],
        "translation": [ 0.57, -2.27, 7.18 ],
        "scale": [ 1, 1, 1 ]
    },
    "gui": {
        "rotation": [ 0, -90, 0 ],
        "translation": [ 0, 0, 0 ],
        "scale": [ 1, 1, 1 ]
    }
},
"overrides": [
        {
            "predicate": {
                "blocking": 1
            },
            "model": "item/shield_blocking"
        }
    ]
}
}