{"textures":{"0":"modelengine:entity/cooking_pot","1":"modelengine:entity/cooking_pot_wood"},"elements":[{"name":"cube","from":[7.6540155,6.7475,3.8061793],"to":[7.6540155,12.1475,12.20618],"rotation":{"angle":0.0,"axis":"x","origin":[7.6540155,6.7475,8.00618]},"faces":{"down":{"uv":[0.0,0.0,0.0,3.5],"rotation":0,"texture":"#1","tintindex":0},"east":{"uv":[0.0,8.25,3.5,10.5],"rotation":0,"texture":"#1","tintindex":0},"north":{"uv":[16.0,12.75,16.0,16.0],"rotation":0,"texture":"#1","tintindex":0},"south":{"uv":[0.0,0.0,0.0,2.25],"rotation":0,"texture":"#1","tintindex":0},"up":{"uv":[0.0,0.0,0.0,3.5],"rotation":0,"texture":"#1","tintindex":0},"west":{"uv":[0.0,8.25,3.5,10.5],"rotation":0,"texture":"#1","tintindex":0}}},{"name":"cube","from":[3.4540155,6.7475,8.00618],"to":[11.854015,12.1475,8.00618],"rotation":{"angle":0.0,"axis":"x","origin":[7.6540155,6.7475,8.00618]},"faces":{"down":{"uv":[0.0,0.0,0.0,3.5],"rotation":270,"texture":"#1","tintindex":0},"east":{"uv":[16.0,12.75,16.0,16.0],"rotation":0,"texture":"#1","tintindex":0},"north":{"uv":[0.0,8.25,3.5,10.5],"rotation":0,"texture":"#1","tintindex":0},"south":{"uv":[0.0,8.25,3.5,10.5],"rotation":0,"texture":"#1","tintindex":0},"up":{"uv":[0.0,0.0,0.0,3.5],"rotation":90,"texture":"#1","tintindex":0},"west":{"uv":[0.0,0.0,0.0,2.25],"rotation":0,"texture":"#1","tintindex":0}}},{"name":"cube","from":[3.4540155,6.7475,4.2561793],"to":[11.854015,12.1475,4.2561793],"rotation":{"angle":45.0,"axis":"x","origin":[7.6540155,6.7475,4.2561793]},"faces":{"down":{"uv":[0.0,0.0,0.0,3.5],"rotation":270,"texture":"#1","tintindex":0},"east":{"uv":[16.0,12.75,16.0,16.0],"rotation":0,"texture":"#1","tintindex":0},"north":{"uv":[0.0,8.25,3.5,10.5],"rotation":0,"texture":"#1","tintindex":0},"south":{"uv":[0.0,8.25,3.5,10.5],"rotation":0,"texture":"#1","tintindex":0},"up":{"uv":[0.0,0.0,0.0,3.5],"rotation":90,"texture":"#1","tintindex":0},"west":{"uv":[0.0,0.0,0.0,2.25],"rotation":0,"texture":"#1","tintindex":0}}},{"name":"cube","from":[3.4540155,6.7475,11.75618],"to":[11.854015,12.1475,11.75618],"rotation":{"angle":-45.0,"axis":"x","origin":[7.6540155,6.7475,11.75618]},"faces":{"down":{"uv":[0.0,0.0,0.0,3.5],"rotation":270,"texture":"#1","tintindex":0},"east":{"uv":[16.0,12.75,16.0,16.0],"rotation":0,"texture":"#1","tintindex":0},"north":{"uv":[3.5,8.25,0.0,10.5],"rotation":0,"texture":"#1","tintindex":0},"south":{"uv":[3.5,8.25,0.0,10.5],"rotation":0,"texture":"#1","tintindex":0},"up":{"uv":[0.0,0.0,0.0,3.5],"rotation":90,"texture":"#1","tintindex":0},"west":{"uv":[0.0,0.0,0.0,2.25],"rotation":0,"texture":"#1","tintindex":0}}},{"name":"cube","from":[3.9040155,6.7475,3.8061793],"to":[3.9040155,12.1475,12.20618],"rotation":{"angle":-45.0,"axis":"z","origin":[3.9040155,6.7475,8.00618]},"faces":{"down":{"uv":[0.0,0.0,0.0,3.5],"rotation":180,"texture":"#1","tintindex":0},"east":{"uv":[3.5,8.25,0.0,10.5],"rotation":0,"texture":"#1","tintindex":0},"north":{"uv":[0.0,0.0,0.0,2.25],"rotation":0,"texture":"#1","tintindex":0},"south":{"uv":[16.0,12.75,16.0,16.0],"rotation":0,"texture":"#1","tintindex":0},"up":{"uv":[0.0,0.0,0.0,3.5],"rotation":180,"texture":"#1","tintindex":0},"west":{"uv":[3.5,8.25,0.0,10.5],"rotation":0,"texture":"#1","tintindex":0}}},{"name":"cube","from":[11.404016,6.7475,3.8061793],"to":[11.404016,12.1475,12.20618],"rotation":{"angle":45.0,"axis":"z","origin":[11.404016,6.7475,8.00618]},"faces":{"down":{"uv":[0.0,0.0,0.0,3.5],"rotation":180,"texture":"#1","tintindex":0},"east":{"uv":[0.0,8.25,3.5,10.5],"rotation":0,"texture":"#1","tintindex":0},"north":{"uv":[0.0,0.0,0.0,2.25],"rotation":0,"texture":"#1","tintindex":0},"south":{"uv":[16.0,12.75,16.0,16.0],"rotation":0,"texture":"#1","tintindex":0},"up":{"uv":[0.0,0.0,0.0,3.5],"rotation":180,"texture":"#1","tintindex":0},"west":{"uv":[0.0,8.25,3.5,10.5],"rotation":0,"texture":"#1","tintindex":0}}},{"name":"cube","from":[4.0540156,6.8975,2.606179],"to":[7.0540156,8.6975,13.40618],"rotation":{"angle":-22.5,"axis":"y","origin":[8.115328,8.3975,7.99794]},"faces":{"down":{"uv":[2.5,0.0,1.25,4.5],"rotation":0,"texture":"#1","tintindex":0},"east":{"uv":[5.0,2.5,9.5,3.25],"rotation":0,"texture":"#1","tintindex":0},"north":{"uv":[3.0,5.5,4.25,6.25],"rotation":0,"texture":"#1","tintindex":0},"south":{"uv":[4.25,5.5,5.5,6.25],"rotation":0,"texture":"#1","tintindex":0},"up":{"uv":[1.25,4.5,0.0,0.0],"rotation":0,"texture":"#1","tintindex":0},"west":{"uv":[5.0,3.25,9.5,4.0],"rotation":0,"texture":"#1","tintindex":0}}},{"name":"cube","from":[8.132431,6.8975,3.1784534],"to":[11.132431,8.6975,10.378454],"rotation":{"angle":-45.0,"axis":"y","origin":[8.115328,8.3975,7.99794]},"faces":{"down":{"uv":[5.0,2.5,3.75,5.5],"rotation":0,"texture":"#1","tintindex":0},"east":{"uv":[0.0,5.5,3.0,6.25],"rotation":0,"texture":"#1","tintindex":0},"north":{"uv":[5.5,0.75,6.75,1.5],"rotation":0,"texture":"#1","tintindex":0},"south":{"uv":[5.5,1.5,6.75,2.25],"rotation":0,"texture":"#1","tintindex":0},"up":{"uv":[3.75,5.5,2.5,2.5],"rotation":0,"texture":"#1","tintindex":0},"west":{"uv":[5.5,0.0,8.5,0.75],"rotation":0,"texture":"#1","tintindex":0}}},{"name":"cube","from":[5.361417,8.6975,6.729643],"to":[12.561418,10.4975,9.729643],"rotation":{"angle":-45.0,"axis":"y","origin":[8.115328,8.3975,7.99794]},"faces":{"down":{"uv":[5.5,1.25,2.5,2.5],"rotation":0,"texture":"#1","tintindex":0},"east":{"uv":[0.0,4.5,1.25,5.25],"rotation":0,"texture":"#1","tintindex":0},"north":{"uv":[5.0,4.0,8.0,4.75],"rotation":0,"texture":"#1","tintindex":0},"south":{"uv":[5.0,4.75,8.0,5.5],"rotation":0,"texture":"#1","tintindex":0},"up":{"uv":[5.5,1.25,2.5,0.0],"rotation":0,"texture":"#1","tintindex":0},"west":{"uv":[1.25,4.5,2.5,5.25],"rotation":0,"texture":"#1","tintindex":0}}},{"name":"cube","from":[1.6540151,6.8075,2.306179],"to":[13.654016,6.8075,13.70618],"rotation":{"angle":0.0,"axis":"x","origin":[8.254015,7.6475,8.306179]},"faces":{"down":{"uv":[11.0,0.0,16.0,4.75],"rotation":0,"texture":"#1","tintindex":0},"east":{"uv":[0.0,0.0,4.75,0.0],"rotation":0,"texture":"#1","tintindex":0},"north":{"uv":[0.0,0.0,5.0,0.0],"rotation":0,"texture":"#1","tintindex":0},"south":{"uv":[0.0,0.0,5.0,0.0],"rotation":0,"texture":"#1","tintindex":0},"up":{"uv":[11.0,0.0,16.0,4.75],"rotation":0,"texture":"#1","tintindex":0},"west":{"uv":[0.0,0.0,4.75,0.0],"rotation":0,"texture":"#1","tintindex":0}}}],"display":{"head":{"translation":[0.0,-6.4,0.0],"rotation":[0.0,0.0,0.0],"scale":[3.8095,3.8095,3.8095]}}}