{"data":15,"parent":"item/generated","textures":{"layer0":"item/leather_horse_armor"},"overrides":[{"predicate":{"custom_model_data":1},"model":"modelengine:cooking_pot/pot"},{"predicate":{"custom_model_data":2},"model":"modelengine:cooking_pot/cooking_pot"},{"predicate":{"custom_model_data":3},"model":"modelengine:cooking_pot/gui"},{"predicate":{"custom_model_data":4},"model":"modelengine:cooking_pot/fire"},{"predicate":{"custom_model_data":5},"model":"modelengine:cooking_pot_parts/fire"},{"predicate":{"custom_model_data":6},"model":"modelengine:cooking_pot_splash/center"},{"predicate":{"custom_model_data":7},"model":"modelengine:cooking_pot_splash/outer"},{"predicate":{"custom_model_data":8},"model":"modelengine:gui_bar/0"},{"predicate":{"custom_model_data":9},"model":"modelengine:gui_bar/1"},{"predicate":{"custom_model_data":10},"model":"modelengine:gui_bar/2"},{"predicate":{"custom_model_data":11},"model":"modelengine:gui_bar/3"},{"predicate":{"custom_model_data":12},"model":"modelengine:gui_bar/4"},{"predicate":{"custom_model_data":13},"model":"modelengine:gui_bar/5"},{"predicate":{"custom_model_data":14},"model":"modelengine:gui_bar/6"},{"predicate":{"custom_model_data":15},"model":"modelengine:gui_bar/7"}]}